api_id,name,rarity,form,type,typeabb,emblem,overlay,faceX,faceY,Syl.1,Syl.2,sizeclass,damfaceX,damfaceY
1,Mutsuki,c3,,DESTROYER,DD,Emblem1,,279,322,,,3,334,305
2,Kisaragi,c2,,DESTROYER,DD,Emblem1,,241,243,,,3,276,253
6,Nagatsuki,c2,,DESTROYER,DD,Emblem1,,325,311,,,3,296,448
7,Mikazuki,c1,,DESTROYER,DD,Emblem1,,347,213,,,3,338,342
9,Fubuki,c3,,DESTROYER,DD,Emblem1,,434,237,,,2,432,236
10,Shirayuki,c2,,DESTROYER,DD,Emblem1,,419,201,,,3,425,206
11,Miyuki,c2,,DESTROYER,DD,Emblem1,,283,225,,,2,283,229
12,Isonami,c1,,DESTROYER,DD,Emblem1,,419,203,,,3,415,209
13,Ayanami,c3,,DESTROYER,DD,Emblem1,,347,196,,,3,351,199
14,Shikinami,c2,,DESTROYER,DD,Emblem1,,354,197,,,4,349,197
15,Akebono,c1,,DESTROYER,DD,Emblem1,,317,368,,,3,318,368
16,Ushio,c1,,DESTROYER,DD,Emblem1,,247,326,,,2,366,320
17,Kagerou,c3,,DESTROYER,DD,Emblem1,,446,255,,,3,448,244
18,Shiranui,c2,,DESTROYER,DD,Emblem1,,441,154,,,3,454,157
19,Kuroshio,c1,,DESTROYER,DD,Emblem1,,315,199,,,3,321,193
20,Yukikaze,sr1,,DESTROYER,DD,Emblem3,,350,277,,,3,263,233
21,Nagara,r1,,LIGHT CRUISER,CL,Emblem2,,295,170,,,2,295,166
22,Isuzu,c2,,LIGHT CRUISER,CL,Emblem1,,445,183,,,2,439,180
23,Yura,c1,,LIGHT CRUISER,CL,Emblem1,,280,182,,,1,280,186
24,Ooi,r2,,LIGHT CRUISER,CL,Emblem2,,298,329,,,1,296,334
25,Kitakami,r1,,LIGHT CRUISER,CL,Emblem2,,358,280,,,3,360,286
26,Fusou,r1,,BATTLESHIP,BB,Emblem2,,700,291,,,2,700,300
27,Yamashiro,r1,,BATTLESHIP,BB,Emblem2,,639,243,,,4,639,247
28,Satsuki,c2,,DESTROYER,DD,Emblem1,,570,217,,,2,296,494
29,Fumizuki,c2,,DESTROYER,DD,Emblem1,,303,361,,,3,324,222
30,Kikuzuki,c1,,DESTROYER,DD,Emblem1,,391,238,,,3,340,256
31,Mochizuki,c1,,DESTROYER,DD,Emblem1,,464,195,,,4,357,235
32,Hatsuyuki,c1,,DESTROYER,DD,Emblem1,,319,231,,,4,322,233
33,Murakumo,c2,,DESTROYER,DD,Emblem1,,673,310,,,4,673,313
34,Akatsuki,c3,,DESTROYER,DD,Emblem1,,462,245,,,3,358,270
35,Hibiki,c2,,DESTROYER,DD,Emblem1,,335,242,,,2,401,249
36,Ikazuchi,c1,,DESTROYER,DD,Emblem1,,383,201,,,3,390,256
37,Inazuma,c1,,DESTROYER,DD,Emblem1,,367,240,,,3,480,214
38,Hatsuharu,c3,,DESTROYER,DD,Emblem1,,412,307,,,4,413,306
39,Nenohi,c1,,DESTROYER,DD,Emblem1,,309,384,,,2,306,392
40,Wakaba,c2,,DESTROYER,DD,Emblem1,,317,373,,,3,295,293
41,Hatsushimo,c2,,DESTROYER,DD,Emblem1,,562,283,,,4,261,292
42,Shiratsuyu,c3,,DESTROYER,DD,Emblem1,,510,337,,,4,283,159
43,Shigure,c2,,DESTROYER,DD,Emblem1,,299,299,,,3,298,302
44,Murasame,c2,,DESTROYER,DD,Emblem1,,307,233,,,4,323,236
45,Yuudachi,c2,,DESTROYER,DD,Emblem1,,225,276,,,3,278,275
46,Samidare,c2,,DESTROYER,DD,Emblem1,,433,188,,,3,431,188
47,Suzukaze,c3,,DESTROYER,DD,Emblem1,,373,196,,,3,375,192
48,Arare,c1,,DESTROYER,DD,Emblem1,,401,295,,,2,402,301
49,Kasumi,c2,,DESTROYER,DD,Emblem1,,204,334,,,3,217,332
50,Shimakaze,sr1,,DESTROYER,DD,Emblem3,,283,365,,,4,418,271
51,Tenryuu,c3,,LIGHT CRUISER,CL,Emblem1,,220,368,,,3,222,367
52,Tatsuta,c3,,LIGHT CRUISER,CL,Emblem1,,571,399,,,2,572,400
53,Natori,c2,,LIGHT CRUISER,CL,Emblem1,,520,238,,,2,515,244
54,Sendai,r1,,LIGHT CRUISER,CL,Emblem2,,436,231,,,2,338,293
55,Jintsuu,c1,,LIGHT CRUISER,CL,Emblem1,,381,243,,,2,475,231
56,Naka,c2,,LIGHT CRUISER,CL,Emblem1,,343,216,,,2,405,267
57,Ooi,sr1,Kai,TORPEDO CRUISER,CLT,Emblem3,,299,330,,,1,300,337
58,Kitakami,sr1,Kai,TORPEDO CRUISER,CLT,Emblem3,,358,285,,,3,357,287
59,Furutaka,c3,,HEAVY CRUISER,CA,Emblem1,,411,211,,,3,406,213
60,Kako,c1,,HEAVY CRUISER,CA,Emblem1,,392,242,,,2,395,247
61,Aoba,c3,,HEAVY CRUISER,CA,Emblem1,,488,253,,,2,493,249
62,Myoukou,r1,,HEAVY CRUISER,CA,Emblem2,,324,115,,,3,510,210
63,Nachi,c1,,HEAVY CRUISER,CA,Emblem1,,237,196,,,2,386,327
64,Ashigara,c2,,HEAVY CRUISER,CA,Emblem1,,376,207,,,3,396,241
65,Haguro,c1,,HEAVY CRUISER,CA,Emblem1,,293,182,,,2,409,237
66,Takao,r1,,HEAVY CRUISER,CA,Emblem2,,352,176,,,2,351,184
67,Atago,r1,,HEAVY CRUISER,CA,Emblem2,,344,170,,,2,341,174
68,Maya,c1,,HEAVY CRUISER,CA,Emblem1,,256,306,,,2,263,308
69,Choukai,c1,,HEAVY CRUISER,CA,Emblem1,,513,283,,,3,511,278
70,Mogami,r1,,HEAVY CRUISER,CA,Emblem2,,324,325,,,3,326,320
71,Tone,r1,,HEAVY CRUISER,CA,Emblem2,,282,250,,,1,243,233
72,Chikuma,r1,,HEAVY CRUISER,CA,Emblem2,,307,194,,,3,259,223
73,Mogami,sr1,Kai,AVIATION CRUISER,CAV,Emblem3,,388,325,,,3,384,327
74,Shouhou,r1,,LIGHT CARRIER,CVL,Emblem2,,210,366,,,3,361,253
75,Hiyou,r1,,LIGHT CARRIER,CVL,Emblem2,,407,176,,,2,411,181
76,Ryuujou,r1,,LIGHT CARRIER,CVL,Emblem2,,443,219,,,3,448,222
77,Ise,r2,,BATTLESHIP,BB,Emblem2,,441,187,,,1,443,187
78,Kongou,r2,,FAST BATTLESHIP,FBB,Emblem2,,351,199,,,3,328,268
79,Haruna,r2,,FAST BATTLESHIP,FBB,Emblem2,,192,262,,,3,195,265
80,Nagato,sr2,,BATTLESHIP,BB,Emblem4,,434,185,,,2,337,193
81,Mutsu,sr2,,BATTLESHIP,BB,Emblem4,,417,204,,,2,357,262
82,Ise,sr1,Kai,AVIATION BATTLESHIP,BBV,Emblem3,,440,189,,,1,440,189
83,Akagi,sr1,,FLEET CARRIER,CV,Emblem3,,384,192,,,2,381,194
84,Kaga,r2,,FLEET CARRIER,CV,Emblem2,,588,303,,,1,586,305
85,Kirishima,r2,,FAST BATTLESHIP,FBB,Emblem2,,270,163,,,3,273,161
86,Hiei,r2,,FAST BATTLESHIP,FBB,Emblem2,,429,169,,,1,427,174
87,Hyuuga,r2,,BATTLESHIP,BB,Emblem2,,434,260,,,3,434,264
88,Hyuuga,sr1,Kai,AVIATION BATTLESHIP,BBV,Emblem3,,436,189,,,3,432,196
89,Houshou,c3,,LIGHT CARRIER,CVL,Emblem1,,508,348,,,3,506,346
90,Souryuu,r2,,FLEET CARRIER,CV,Emblem2,,447,211,,,3,444,212
91,Hiryuu,sr1,,FLEET CARRIER,CV,Emblem3,,508,358,,,2,505,358
92,Junyou,r1,,LIGHT CARRIER,CVL,Emblem2,,439,197,,,2,439,203
93,Oboro,c1,,DESTROYER,DD,Emblem1,,361,268,,,2,357,272
94,Sazanami,c2,,DESTROYER,DD,Emblem1,,305,254,,,3,302,260
95,Asashio,c3,,DESTROYER,DD,Emblem1,,616,303,,,3,613,297
96,Ooshio,c1,,DESTROYER,DD,Emblem1,,289,228,,,2,289,227
97,Michishio,c1,,DESTROYER,DD,Emblem1,,363,215,,,3,361,218
98,Arashio,c1,,DESTROYER,DD,Emblem1,,324,146,,,3,324,147
99,Kuma,r1,,LIGHT CRUISER,CL,Emblem2,,348,301,,,2,349,309
100,Tama,c2,,LIGHT CRUISER,CL,Emblem1,,391,207,,,2,397,214
101,Kiso,c1,,LIGHT CRUISER,CL,Emblem1,,421,253,,,1,415,258
102,Chitose,c2,,SEAPLANE TENDER,AV,Emblem1,,411,164,,,2,514,165
103,Chiyoda,c1,,SEAPLANE TENDER,AV,Emblem1,,366,184,,,3,438,267
104,Chitose,c3,Kai,SEAPLANE TENDER,AV,Emblem1,,412,164,,,2,516,161
105,Chiyoda,c3,Kai,SEAPLANE TENDER,AV,Emblem1,,404,234,,,3,437,267
106,Chitose,c3,A,SEAPLANE TENDER,AV,Emblem1,,413,163,,,2,515,167
107,Chiyoda,c3,A,SEAPLANE TENDER,AV,Emblem1,,405,232,,,3,439,265
108,Chitose,r1,Kou,LIGHT CARRIER,CVL,Emblem2,,449,209,,,2,445,208
109,Chiyoda,r1,Kou,LIGHT CARRIER,CVL,Emblem2,,568,252,,,3,572,259
110,Shoukaku,r2,,FLEET CARRIER,CV,Emblem2,,368,218,,,3,401,236
111,Zuikaku,sr1,,FLEET CARRIER,CV,Emblem3,,392,224,,,3,300,217
112,Zuikaku,sr2,Kai,FLEET CARRIER,CV,Emblem4,,391,224,,,3,299,218
113,Kinu,r1,,LIGHT CRUISER,CL,Emblem2,,263,258,,,2,269,266
114,Abukuma,r2,,LIGHT CRUISER,CL,Emblem2,,485,222,,,3,483,234
115,Yuubari,r2,,LIGHT CRUISER,CL,Emblem2,,409,251,,,3,410,256
116,Zuihou,r2,,LIGHT CARRIER,CVL,Emblem2,,351,220,,,2,349,221
117,Zuihou,sr1,Kai,LIGHT CARRIER,CVL,Emblem3,,351,218,,,2,349,218
118,Ooi,sr2,Kai Ni,TORPEDO CRUISER,CLT,Emblem4,,297,316,,,1,369,318
119,Kitakami,sr2,Kai Ni,TORPEDO CRUISER,CLT,Emblem4,,361,571,,,3,364,589
120,Mikuma,r2,,HEAVY CRUISER,CA,Emblem2,,450,311,,,3,452,312
121,Mikuma,sr1,Kai,AVIATION CRUISER,CAV,Emblem3,,443,310,,,3,164,84
122,Maikaze,r1,,DESTROYER,DD,Emblem2,,314,209,,,3,313,213
123,Kinugasa,r1,,HEAVY CRUISER,CA,Emblem2,,369,269,,,3,274,199
124,Suzuya,r1,,HEAVY CRUISER,CA,Emblem2,,310,185,,,2,305,184
125,Kumano,r1,,HEAVY CRUISER,CA,Emblem2,,344,206,,,3,344,212
126,I-168,c3,,SUBMARINE,SS,Emblem1,,513,439,,,2,514,439
127,I-58,r1,,SUBMARINE,SS,Emblem2,,472,288,,,1,473,291
128,I-8,r2,,SUBMARINE,SS,Emblem2,,340,261,,,1,343,266
129,Suzuya,r2,Kai,AVIATION CRUISER,CAV,Emblem2,,401,192,,,2,300,236
130,Kumano,r2,Kai,AVIATION CRUISER,CAV,Emblem2,,320,281,,,3,409,514
131,Yamato,sr3,,BATTLESHIP,BB,Emblem4,,390,227,,,3,383,113
132,Akigumo,r1,,DESTROYER,DD,Emblem2,,380,330,,,3,545,262
133,Yuugumo,r1,,DESTROYER,DD,Emblem2,,492,212,,,3,514,167
134,Makigumo,r1,,DESTROYER,DD,Emblem2,,361,244,,,4,361,207
135,Naganami,r1,,DESTROYER,DD,Emblem2,,314,180,,,3,358,181
136,Yamato,sr3,Kai,BATTLESHIP,BB,Emblem4,Sakura,391,233,,,3,382,116
137,Agano,r2,,LIGHT CRUISER,CL,Emblem2,,525,214,,,2,473,122
138,Noshiro,r2,,LIGHT CRUISER,CL,Emblem2,,239,247,,,3,342,129
139,Yahagi,sr1,,LIGHT CRUISER,CL,Emblem3,,436,223,,,2,379,99
140,Sakawa,r2,,LIGHT CRUISER,CL,Emblem2,,512,159,,,2,330,137
141,Isuzu,r2,Kai Ni,LIGHT CRUISER,CL,Emblem2,,313,135,,,2,257,148
142,Kinugasa,sr1,Kai Ni,HEAVY CRUISER,CA,Emblem3,,264,323,,,3,417,163
143,Musashi,sr2,,BATTLESHIP,BB,Emblem4,,448,212,,,3,310,186
144,Yuudachi,sr1,Kai Ni,DESTROYER,DD,Emblem3,,296,137,,,3,270,262
145,Shigure,sr1,Kai Ni,DESTROYER,DD,Emblem3,,255,275,,,3,330,327
146,Kiso,sr1,Kai Ni,TORPEDO CRUISER,CLT,Emblem3,,425,197,,,1,471,194
147,Verniy,sr1,exp,DESTROYER,DD,Emblem3,,341,195,,,2,331,197
148,Musashi,sr2,,BATTLESHIP,BB,Emblem4,Sakura,449,215,,,3,311,184
149,Kongou,sr2,Kai Ni,FAST BATTLESHIP,FBB,Emblem4,,259,142,,,3,172,176
150,Hiei,sr2,Kai Ni,FAST BATTLESHIP,FBB,Emblem4,,591,208,,,1,355,222
151,Haruna,sr2,Kai Ni,FAST BATTLESHIP,FBB,Emblem4,,362,133,,,3,262,109
152,Kirishima,sr2,Kai Ni,FAST BATTLESHIP,FBB,Emblem4,,486,134,,,3,340,149
153,Taihou,sr2,,ARMOURED CARRIER,CVB,Emblem4,,459,143,,,2,514,126
154,Katori,r1,,TRAINING CRUISER,CT,Emblem2,,301,174,,,2,394,208
155,I-401,sr1,,AVIATION SUBMARINE,SSV,Emblem3,,372,121,,,2,367,121
156,Taihou,sr2,Kai,ARMOURED CARRIER,CVB,Emblem4,,455,137,,,2,538,122
157,Ryuujou,sr1,Kai Ni,LIGHT CARRIER,CVL,Emblem3,,350,163,,,3,265,141
158,Sendai,sr1,Kai Ni,LIGHT CRUISER,CL,Emblem3,,315,133,,,2,337,299
159,Jintsuu,sr1,Kai Ni,LIGHT CRUISER,CL,Emblem3,,344,135,,,2,144,153
160,Naka,sr1,Kai Ni,LIGHT CRUISER,CL,Emblem3,,310,178,,,2,223,140
161,Akitsu Maru,r2,,AMPHIBIOUS ASSAULT,LHA,Emblem2,,162,119,Akitsu,Maru,2,190,114
162,Kamoi,r1,,FLEET OILER,AO,Emblem2,,283,118,,,2,168,165
163,Maruyu,r2,,SUBMARINE,SS,Emblem2,,191,133,,,3,159,146
164,Yayoi,r1,,DESTROYER,DD,Emblem2,,330,246,,,2,417,260
165,Uzuki,r1,,DESTROYER,DD,Emblem2,,377,264,,,2,377,266
166,Akitsu Maru,sr1,Kai,AMPHIBIOUS ASSAULT,LHA,Emblem3,,312,264,Akitsu,Maru,2,188,126
167,Isokaze,r2,,DESTROYER,DD,Emblem2,,406,142,,,2,500,126
168,Urakaze,r1,,DESTROYER,DD,Emblem2,,342,218,,,3,469,281
169,Tanikaze,r1,,DESTROYER,DD,Emblem2,,350,136,,,3,331,155
170,Hamakaze,r1,,DESTROYER,DD,Emblem2,,346,197,,,4,216,198
171,Bismarck,sr2,,FAST BATTLESHIP,FBB,Emblem4,,609,296,,,3,518,111
172,Bismarck,sr2,Kai,FAST BATTLESHIP,FBB,Emblem4,,609,296,,,3,518,111
173,Bismarck,sr2,Zwei,FAST BATTLESHIP,FBB,Emblem4,,609,296,,,3,518,111
174,Z1,r2,,DESTROYER,DD,Emblem2,,366,134,,,1,294,170
175,Z3,r2,,DESTROYER,DD,Emblem2,,318,130,,,1,305,132
176,Prinz Eugen,sr1,,HEAVY CRUISER,CA,Emblem3,,509,149,Prinz,Eugen,2,410,149
177,Prinz Eugen,sr2,Kai,HEAVY CRUISER,CA,Emblem4,,513,150,Prinz,Eugen,2,407,148
178,Bismarck,sr2,Drei,FAST BATTLESHIP,FBB,Emblem4,,571,151,,,3,367,173
179,Z1,sr2,Zwei,DESTROYER,DD,Emblem4,,369,133,,,1,296,165
180,Z3,sr2,Zwei,DESTROYER,DD,Emblem4,,317,127,,,1,299,132
181,Amatsukaze,sr1,,DESTROYER,DD,Emblem3,,322,176,,,4,292,113
182,Akashi,sr1,,REPAIR SHIP,AR,Emblem3,,423,222,,,2,542,182
183,Ooyodo,sr1,,LIGHT CRUISER,CL,Emblem3,,521,169,,,2,376,112
184,Taigei,r1,,SUBMARINE TENDER,AS,Emblem2,,247,177,,,2,285,126
185,Ryuuhou,r2,,LIGHT CARRIER,CVL,Emblem2,,416,155,,,3,337,161
186,Tokitsukaze,r2,,DESTROYER,DD,Emblem2,,85,139,,,4,180,141
187,Akashi,sr2,Kai,REPAIR SHIP,AR,Emblem4,,493,120,,,2,444,115
188,Tone,sr2,Kai Ni,AVIATION CRUISER,CAV,Emblem4,,419,254,,,1,378,183
189,Chikuma,sr2,Kai Ni,AVIATION CRUISER,CAV,Emblem4,,365,133,,,3,262,130
190,Hatsukaze,r1,,DESTROYER,DD,Emblem2,,389,227,,,4,391,225
191,I-19,r1,,SUBMARINE,SS,Emblem2,,325,159,,,1,328,158
192,Nachi,sr1,Kai Ni,HEAVY CRUISER,CA,Emblem3,,602,155,,,2,378,154
193,Ashigara,sr1,Kai Ni,HEAVY CRUISER,CA,Emblem3,,539,147,,,3,533,152
194,Haguro,r2,Kai Ni,HEAVY CRUISER,CA,Emblem2,,462,142,,,2,98,161
195,Ayanami,sr1,Kai Ni,DESTROYER,DD,Emblem3,,358,226,,,3,361,232
196,Hiryuu,sr3,Kai Ni,FLEET CARRIER,CV,Emblem4,Sakura,577,509,,,2,578,510
197,Souryuu,sr3,Kai Ni,FLEET CARRIER,CV,Emblem4,,594,465,,,3,595,466
198,Arare,sr1,Kai Ni,DESTROYER,DD,Emblem3,,241,133,,,2,223,218
199,Ooshio,sr1,Kai Ni,DESTROYER,DD,Emblem3,,256,158,,,2,212,117
200,Abukuma,sr2,Kai Ni,LIGHT CRUISER,CL,Emblem4,,295,159,,,3,426,124
201,Fubuki,r1,Kai,DESTROYER,DD,Emblem2,,437,235,,,2,436,237
202,Shirayuki,r1,Kai,DESTROYER,DD,Emblem2,,422,205,,,3,422,205
203,Hatsuyuki,r1,Kai,DESTROYER,DD,Emblem2,,321,236,,,4,319,235
204,Miyuki,r1,Kai,DESTROYER,DD,Emblem2,,285,228,,,2,279,231
205,Murakumo,r1,Kai,DESTROYER,DD,Emblem2,,672,312,,,4,674,314
206,Isonami,r1,Kai,DESTROYER,DD,Emblem2,,413,208,,,3,414,208
207,Ayanami,r1,Kai,DESTROYER,DD,Emblem2,,358,198,,,3,355,196
208,Shikinami,r1,Kai,DESTROYER,DD,Emblem2,,361,200,,,4,351,196
209,Kongou,sr1,Kai,FAST BATTLESHIP,FBB,Emblem3,,349,202,,,3,329,267
210,Hiei,sr1,Kai,FAST BATTLESHIP,FBB,Emblem3,,425,167,,,1,428,173
211,Haruna,sr1,Kai,FAST BATTLESHIP,FBB,Emblem3,,192,256,,,3,197,265
212,Kirishima,sr1,Kai,FAST BATTLESHIP,FBB,Emblem3,,273,156,,,3,273,163
213,Tenryuu,r1,Kai,LIGHT CRUISER,CL,Emblem2,,223,361,,,3,219,371
214,Tatsuta,r1,Kai,LIGHT CRUISER,CL,Emblem2,,571,400,,,2,569,401
215,Kuma,r2,Kai,LIGHT CRUISER,CL,Emblem2,,345,303,,,2,350,304
216,Tama,r1,Kai,LIGHT CRUISER,CL,Emblem2,,397,213,,,2,395,218
217,Kiso,r1,Kai,LIGHT CRUISER,CL,Emblem2,,415,252,,,1,411,253
218,Nagara,r2,Kai,LIGHT CRUISER,CL,Emblem2,,247,130,,,2,270,134
219,Isuzu,r1,Kai,LIGHT CRUISER,CL,Emblem2,,445,184,,,2,445,186
220,Yura,r1,Kai,LIGHT CRUISER,CL,Emblem2,,283,184,,,1,282,186
221,Natori,r1,Kai,LIGHT CRUISER,CL,Emblem2,,307,148,,,2,365,138
222,Sendai,r2,Kai,LIGHT CRUISER,CL,Emblem2,,434,231,,,2,337,303
223,Jintsuu,r1,Kai,LIGHT CRUISER,CL,Emblem2,,378,240,,,2,469,236
224,Naka,r1,Kai,LIGHT CRUISER,CL,Emblem2,,345,213,,,2,404,266
225,Kagerou,r1,Kai,DESTROYER,DD,Emblem2,,449,250,,,3,444,249
226,Shiranui,r1,Kai,DESTROYER,DD,Emblem2,,439,153,,,3,447,156
227,Kuroshio,r1,Kai,DESTROYER,DD,Emblem2,,308,194,,,3,313,195
228,Yukikaze,sr1,Kai,DESTROYER,DD,Emblem3,Sakura,347,275,,,3,251,235
229,Shimakaze,sr1,Kai,DESTROYER,DD,Emblem3,,285,374,,,4,420,271
230,Oboro,r1,Kai,DESTROYER,DD,Emblem2,,300,251,,,2,439,206
231,Akebono,r1,Kai,DESTROYER,DD,Emblem2,,285,344,,,3,238,277
232,Sazanami,r1,Kai,DESTROYER,DD,Emblem2,,425,257,,,3,190,270
233,Ushio,r1,Kai,DESTROYER,DD,Emblem2,,249,323,,,2,364,319
234,Akatsuki,r1,Kai,DESTROYER,DD,Emblem2,,462,248,,,3,350,274
235,Hibiki,r1,Kai,DESTROYER,DD,Emblem2,,333,240,,,2,397,245
236,Ikazuchi,r1,Kai,DESTROYER,DD,Emblem2,,385,200,,,3,391,260
237,Inazuma,r1,Kai,DESTROYER,DD,Emblem2,,376,233,,,3,481,223
238,Hatsuharu,r1,Kai,DESTROYER,DD,Emblem2,,411,311,,,4,414,306
239,Nenohi,r1,Kai,DESTROYER,DD,Emblem2,,310,384,,,2,310,389
240,Wakaba,r1,Kai,DESTROYER,DD,Emblem2,,322,375,,,3,292,292
241,Hatsushimo,r1,Kai,DESTROYER,DD,Emblem2,,568,280,,,4,260,285
242,Shiratsuyu,r1,Kai,DESTROYER,DD,Emblem2,,361,164,,,4,285,326
243,Shigure,r1,Kai,DESTROYER,DD,Emblem2,,298,302,,,3,293,303
244,Murasame,r1,Kai,DESTROYER,DD,Emblem2,,213,195,,,4,401,315
245,Yuudachi,r1,Kai,DESTROYER,DD,Emblem2,,228,280,,,3,280,274
246,Samidare,r1,Kai,DESTROYER,DD,Emblem2,,428,189,,,3,434,185
247,Suzukaze,r1,Kai,DESTROYER,DD,Emblem2,,374,197,,,3,374,191
248,Asashio,r1,Kai,DESTROYER,DD,Emblem2,,614,296,,,3,607,291
249,Ooshio,r1,Kai,DESTROYER,DD,Emblem2,,286,222,,,2,292,223
250,Michishio,r1,Kai,DESTROYER,DD,Emblem2,,361,216,,,3,366,215
251,Arashio,r1,Kai,DESTROYER,DD,Emblem2,,324,145,,,3,325,143
252,Arare,r1,Kai,DESTROYER,DD,Emblem2,,403,306,,,2,401,295
253,Kasumi,r1,Kai,DESTROYER,DD,Emblem2,,206,333,,,3,215,331
254,Mutsuki,r1,Kai,DESTROYER,DD,Emblem2,,276,323,,,3,333,313
255,Kisaragi,r1,Kai,DESTROYER,DD,Emblem2,,243,240,,,3,278,249
256,Satsuki,r1,Kai,DESTROYER,DD,Emblem2,,573,216,,,2,291,494
257,Fumizuki,r1,Kai,DESTROYER,DD,Emblem2,,299,357,,,3,325,230
258,Nagatsuki,r1,Kai,DESTROYER,DD,Emblem2,,321,305,,,3,292,446
259,Kikuzuki,r1,Kai,DESTROYER,DD,Emblem2,,385,230,,,3,336,250
260,Mikazuki,r1,Kai,DESTROYER,DD,Emblem2,,344,207,,,3,338,346
261,Mochizuki,r1,Kai,DESTROYER,DD,Emblem2,,460,200,,,4,358,235
262,Furutaka,r1,Kai,HEAVY CRUISER,CA,Emblem2,,409,209,,,3,412,213
263,Kako,r1,Kai,HEAVY CRUISER,CA,Emblem2,,391,236,,,2,393,253
264,Aoba,r1,Kai,HEAVY CRUISER,CA,Emblem2,,490,249,,,2,488,251
265,Myoukou,r2,Kai,HEAVY CRUISER,CA,Emblem2,,329,120,,,3,513,217
266,Nachi,r1,Kai,HEAVY CRUISER,CA,Emblem2,,240,193,,,2,384,328
267,Ashigara,r1,Kai,HEAVY CRUISER,CA,Emblem2,,373,204,,,3,399,242
268,Haguro,r1,Kai,HEAVY CRUISER,CA,Emblem2,,294,186,,,2,409,238
269,Takao,r2,Kai,HEAVY CRUISER,CA,Emblem2,,351,176,,,2,344,180
270,Atago,r2,Kai,HEAVY CRUISER,CA,Emblem2,,343,173,,,2,342,175
271,Maya,r1,Kai,HEAVY CRUISER,CA,Emblem2,,260,305,,,2,259,311
272,Choukai,r1,Kai,HEAVY CRUISER,CA,Emblem2,,510,285,,,3,513,284
273,Tone,r2,Kai,HEAVY CRUISER,CA,Emblem2,,282,248,,,1,245,233
274,Chikuma,r2,Kai,HEAVY CRUISER,CA,Emblem2,,307,194,,,3,265,221
275,Nagato,sr2,Kai,BATTLESHIP,BB,Emblem4,,439,187,,,2,343,196
276,Mutsu,sr2,Kai,BATTLESHIP,BB,Emblem4,,415,206,,,2,367,263
277,Akagi,sr2,Kai,FLEET CARRIER,CV,Emblem4,,384,194,,,2,384,198
278,Kaga,sr1,Kai,FLEET CARRIER,CV,Emblem3,,590,307,,,1,585,305
279,Souryuu,sr1,Kai,FLEET CARRIER,CV,Emblem3,,443,214,,,3,441,213
280,Hiryuu,sr2,Kai,FLEET CARRIER,CV,Emblem4,,506,358,,,2,508,356
281,Ryuujou,r2,Kai,LIGHT CARRIER,CVL,Emblem2,,513,148,,,3,202,145
282,Shouhou,r2,Kai,LIGHT CARRIER,CVL,Emblem2,,501,139,,,3,222,126
283,Hiyou,r2,Kai,LIGHT CARRIER,CVL,Emblem2,,419,159,,,2,350,141
284,Junyou,r2,Kai,LIGHT CARRIER,CVL,Emblem2,,436,202,,,2,441,205
285,Houshou,r1,Kai,LIGHT CARRIER,CVL,Emblem2,,509,348,,,3,507,347
286,Fusou,r2,Kai,AVIATION BATTLESHIP,BBV,Emblem2,,516,281,,,2,378,267
287,Yamashiro,r2,Kai,AVIATION BATTLESHIP,BBV,Emblem2,,555,193,,,4,547,180
288,Shoukaku,sr1,Kai,FLEET CARRIER,CV,Emblem3,,370,216,,,3,399,230
289,Kinu,r2,Kai,LIGHT CRUISER,CL,Emblem2,,265,263,,,2,265,263
290,Abukuma,sr1,Kai,LIGHT CRUISER,CL,Emblem3,,483,227,,,3,478,226
291,Chitose,r2,Kou Kai,LIGHT CARRIER,CVL,Emblem2,,444,208,,,2,447,210
292,Chiyoda,r2,Kou Kai,LIGHT CARRIER,CVL,Emblem2,,572,257,,,3,574,260
293,Yuubari,sr1,Kai,LIGHT CRUISER,CL,Emblem3,,400,263,,,3,409,252
294,Maikaze,r2,Kai,DESTROYER,DD,Emblem2,,306,208,,,3,314,211
295,Kinugasa,r2,Kai,HEAVY CRUISER,CA,Emblem2,,367,269,,,3,274,208
296,Chitose,sr1,Kou Kai Ni,LIGHT CARRIER,CVL,Emblem3,,464,221,,,2,393,257
297,Chiyoda,sr1,Kou Kai Ni,LIGHT CARRIER,CVL,Emblem3,,514,265,,,3,534,270
300,Hatsukaze,r2,Kai,DESTROYER,DD,Emblem2,,385,230,,,4,392,229
301,Akigumo,r2,Kai,DESTROYER,DD,Emblem2,,380,340,,,3,533,263
302,Yuugumo,r2,Kai,DESTROYER,DD,Emblem2,,494,214,,,3,489,217
303,Makigumo,r2,Kai,DESTROYER,DD,Emblem2,,351,255,,,4,359,216
304,Naganami,r2,Kai,DESTROYER,DD,Emblem2,,311,186,,,3,352,176
305,Agano,sr1,Kai,LIGHT CRUISER,CL,Emblem3,,523,215,,,2,478,118
306,Noshiro,sr1,Kai,LIGHT CRUISER,CL,Emblem3,,236,256,,,3,349,130
307,Yahagi,sr3,Kai,LIGHT CRUISER,CL,Emblem4,Sakura,439,223,,,2,380,104
308,Yayoi,r2,Kai,DESTROYER,DD,Emblem2,,323,245,,,2,419,259
309,Uzuki,r2,Kai,DESTROYER,DD,Emblem2,,377,267,,,2,394,250
310,Z1,sr1,Kai,DESTROYER,DD,Emblem3,,367,131,,,1,295,169
311,Z3,sr1,Kai,DESTROYER,DD,Emblem3,,315,126,,,1,308,137
312,Hamakaze,r2,Kai,DESTROYER,DD,Emblem2,,356,195,,,4,211,203
313,Tanikaze,r2,Kai,DESTROYER,DD,Emblem2,,351,139,,,3,333,156
314,Sakawa,sr1,Kai,LIGHT CRUISER,CL,Emblem3,,506,156,,,2,329,131
316,Amatsukaze,sr2,Kai,DESTROYER,DD,Emblem4,,317,197,,,4,290,184
317,Urakaze,r2,Kai,DESTROYER,DD,Emblem2,,349,213,,,3,468,286
318,Ryuuhou,sr1,Kai,LIGHT CARRIER,CVL,Emblem3,,433,168,,,3,267,155
319,Myoukou,sr1,Kai Ni,HEAVY CRUISER,CA,Emblem3,,400,124,,,3,306,97
320,Isokaze,sr1,Kai,DESTROYER,DD,Emblem3,,400,160,,,2,499,133
321,Ooyodo,sr2,Kai,LIGHT CRUISER,CL,Emblem4,,373,185,,,2,459,93
322,Tokitsukaze,sr1,Kai,DESTROYER,DD,Emblem3,,87,137,,,4,182,140
323,Harusame,r2,Kai,DESTROYER,DD,Emblem2,,228,139,,,4,221,317
324,Hayashimo,r2,Kai,DESTROYER,DD,Emblem2,,419,240,,,4,438,222
325,Kiyoshimo,r2,Kai,DESTROYER,DD,Emblem2,,461,192,,,4,433,124
326,Hatsuharu,sr1,Kai,DESTROYER,DD,Emblem3,,488,287,,,4,489,296
327,Asagumo,r2,Kai,DESTROYER,DD,Emblem2,,464,157,,,3,409,138
328,Yamagumo,r2,Kai,DESTROYER,DD,Emblem2,,227,261,,,4,298,191
329,Nowaki,sr1,Kai,DESTROYER,DD,Emblem3,,303,108,,,2,300,91
330,Akizuki,sr2,Kai,DESTROYER,DD,Emblem4,,366,148,,,2,242,112
331,Amagi,sr1,,FLEET CARRIER,CV,Emblem3,,324,155,,,2,315,336
332,Katsuragi,sr1,,FLEET CARRIER,CV,Emblem3,,297,240,,,3,350,135
334,U-511,sr1,Kai,SUBMARINE,SS,Emblem3,,365,212,,,2,595,157
343,Katori,r2,Kai,TRAINING CRUISER,CT,Emblem2,,300,180,,,2,390,208
344,Asashimo,r2,Kai,DESTROYER,DD,Emblem2,,487,206,,,3,196,208
345,Takanami,r2,Kai,DESTROYER,DD,Emblem2,,229,171,,,3,304,122
346,Teruzuki,sr2,Kai,DESTROYER,DD,Emblem4,,340,113,,,3,200,143
347,Libeccio,sr2,Kai,DESTROYER,DD,Emblem4,,211,195,,,3,539,216
348,Mizuho,r2,Kai,SEAPLANE TENDER,AV,Emblem2,,462,211,,,2,461,198
349,Kazagumo,r2,Kai,DESTROYER,DD,Emblem2,,421,161,,,4,357,128
350,Umikaze,r1,Kai,DESTROYER,DD,Emblem2,,270,149,,,3,247,219
351,Kawakaze,r2,Kai,DESTROYER,DD,Emblem2,,426,135,,,3,307,285
352,Hayasui,sr2,Kai,FLEET OILER,AO,Emblem4,,309,119,,,3,310,131
353,Graf Zeppelin,sr2,Kai,FLEET CARRIER,CV,Emblem4,,487,127,Graf,Zeppelin,3,296,224
354,Arashi,sr1,Kai,DESTROYER,DD,Emblem3,,348,142,,,2,268,162
355,Hagikaze,sr1,Kai,DESTROYER,DD,Emblem3,,232,158,,,3,252,106
356,Kashima,r2,Kai,TRAINING CRUISER,CT,Emblem2,,365,153,,,3,351,167
357,Hatsuzuki,sr2,Kai,DESTROYER,DD,Emblem4,,375,127,,,4,341,124
358,Zara,sr2,Kai,HEAVY CRUISER,CA,Emblem4,,382,137,,,1,424,153
359,Okinami,r2,Kai,DESTROYER,DD,Emblem2,,172,165,,,3,373,170
360,Iowa,sr3,Kai,FAST BATTLESHIP,FBB,Emblem4,Stars,514,230,,,1,448,132
361,Pola,sr2,Kai,HEAVY CRUISER,CA,Emblem4,,229,131,,,1,262,223
362,Oyashio,sr1,Kai,DESTROYER,DD,Emblem3,,212,103,,,3,247,116
363,Harukaze,r2,Kai,DESTROYER,DD,Emblem2,,366,127,,,3,127,179
364,Warspite,sr3,Kai,BATTLESHIP,BB,Emblem4,,530,170,,,3,341,197
365,Aquila,sr3,Kai,FLEET CARRIER,CV,Emblem4,,282,151,,,2,243,161
366,Minazuki,r2,Kai,DESTROYER,DD,Emblem2,,209,154,,,3,277,131
367,I-26,r2,Kai,AVIATION SUBMARINE,SSV,Emblem2,,340,160,,,1,206,134
368,Uranami,r2,Kai,DESTROYER,DD,Emblem2,,327,185,,,3,261,170
369,Yamakaze,r2,Kai,DESTROYER,DD,Emblem2,,326,196,,,4,347,143
370,Asakaze,r2,Kai,DESTROYER,DD,Emblem2,,290,146,,,3,418,132
371,Matsukaze,r2,Kai,DESTROYER,DD,Emblem2,,341,140,,,4,161,150
372,Commandant Teste,sr2,Kai,SEAPLANE TENDER,AV,Emblem4,,390,117,Commandant,Teste,5,281,165
373,Fujinami,r2,Kai,DESTROYER,DD,Emblem2,,209,173,,,3,219,167
374,I-13,sr2,Kai,AVIATION SUBMARINE,SSV,Emblem4,,336,141,,,1,219,133
375,I-14,sr2,Kai,AVIATION SUBMARINE,SSV,Emblem4,,152,146,,,1,97,133
376,Shimushu,r2,Kai,KAIBOUKAN,DE,Emblem2,,232,118,,,4,233,114
377,Kunashiri,r2,Kai,KAIBOUKAN,DE,Emblem2,,264,108,,,3,199,125
378,Hachijou,r2,Kai,KAIBOUKAN,DE,Emblem2,,216,111,,,3,369,128
379,Ishigaki,r2,Kai,KAIBOUKAN,DE,Emblem2,,203,113,,,3,175,127
380,Taiyou,sr1,Kai,LIGHT CARRIER,CVL,Emblem3,,192,102,,,2,292,93
381,Shinyou,sr1,Kai,LIGHT CARRIER,CVL,Emblem3,,214,116,,,3,128,109
383,Etorofu,r2,Kai,KAIBOUKAN,DE,Emblem2,,292,276,,,3,124,311
384,Matsuwa,r1,Kai,KAIBOUKAN,DE,Emblem2,,180,295,,,3,422,297
385,Sado,r2,Kai,KAIBOUKAN,DE,Emblem2,,302,293,,,1,386,306
386,Tsushima,r2,Kai,KAIBOUKAN,DE,Emblem2,,123,279,,,3,155,242
387,Hatakaze,r2,Kai,DESTROYER,DD,Emblem2,,157,179,,,3,471,183
390,Amagiri,sr1,Kai,DESTROYER,DD,Emblem3,,372,320,,,3,451,269
391,Sagiri,r2,Kai,DESTROYER,DD,Emblem2,,288,257,,,2,294,263
392,Richelieu,sr3,Kai,FAST BATTLESHIP,FBB,Emblem4,,633,119,,,3,367,133
393,Ark Royal,sr3,Kai,FLEET CARRIER,CV,Emblem4,,236,132,,,2,336,112
394,Jervis,sr2,Kai,DESTROYER,DD,Emblem4,,235,131,,,2,226,80
395,Tashkent,sr2,Kai,DESTROYER,DD,Emblem4,,386,135,,,3,322,131
396,Gambier Bay,sr1,Kai,LIGHT CARRIER,CVL,Emblem3,,377,127,Gambier,Bay,3,276,125
397,Intrepid,sr3,Kai,FLEET CARRIER,CV,Emblem4,,409,289,,,3,338,151
398,I-168,r1,Kai,SUBMARINE,SS,Emblem2,,512,440,,,2,504,443
399,I-58,r2,Kai,AVIATION SUBMARINE,SSV,Emblem2,,473,289,,,1,478,295
400,I-8,sr1,Kai,AVIATION SUBMARINE,SSV,Emblem3,,342,260,,,1,348,262
401,I-19,r2,Kai,AVIATION SUBMARINE,SSV,Emblem2,,325,159,,,1,321,158
402,Maruyu,sr1,Kai,SUBMARINE,SS,Emblem3,,193,134,,,3,156,155
403,I-401,sr2,Kai,AVIATION SUBMARINE,SSV,Emblem4,,369,116,,,2,369,122
404,Unryuu,sr1,,FLEET CARRIER,CV,Emblem3,,350,168,,,3,346,144
405,Harusame,r1,,DESTROYER,DD,Emblem2,,326,238,,,4,380,321
406,Unryuu,sr2,Kai,FLEET CARRIER,CV,Emblem4,,356,217,,,3,261,144
407,Ushio,sr1,Kai Ni,DESTROYER,DD,Emblem3,,359,208,,,2,300,246
408,Junyou,sr1,Kai Ni,LIGHT CARRIER,CVL,Emblem3,,353,208,,,2,357,135
409,Hayashimo,r1,,DESTROYER,DD,Emblem2,,428,231,,,4,439,221
410,Kiyoshimo,r1,,DESTROYER,DD,Emblem2,,460,190,,,4,440,123
411,Fusou,sr1,Kai Ni,AVIATION BATTLESHIP,BBV,Emblem3,,441,152,,,2,552,135
412,Yamashiro,sr1,Kai Ni,AVIATION BATTLESHIP,BBV,Emblem3,,597,208,,,4,609,145
413,Asagumo,r1,,DESTROYER,DD,Emblem2,,467,156,,,3,411,142
414,Yamagumo,r1,,DESTROYER,DD,Emblem2,,222,264,,,4,299,193
415,Nowaki,r2,,DESTROYER,DD,Emblem2,,305,112,,,2,301,91
416,Furutaka,sr1,Kai Ni,HEAVY CRUISER,CA,Emblem3,,413,130,,,3,333,118
417,Kako,sr1,Kai Ni,HEAVY CRUISER,CA,Emblem3,,471,177,,,2,277,255
418,Satsuki,sr1,Kai Ni,DESTROYER,DD,Emblem3,,458,115,,,2,299,220
419,Hatsushimo,sr1,Kai Ni,DESTROYER,DD,Emblem3,,326,304,,,4,394,348
420,Murakumo,sr1,Kai Ni,DESTROYER,DD,Emblem3,,241,268,,,4,239,268
421,Akizuki,sr1,,DESTROYER,DD,Emblem3,,365,152,,,2,239,120
422,Teruzuki,sr1,,DESTROYER,DD,Emblem3,,341,111,,,3,204,141
423,Hatsuzuki,sr1,,DESTROYER,DD,Emblem3,,374,128,,,4,337,127
424,Takanami,r1,,DESTROYER,DD,Emblem2,,240,176,,,3,290,170
425,Asashimo,r1,,DESTROYER,DD,Emblem2,,490,186,,,3,191,210
426,Fubuki,sr1,Kai Ni,DESTROYER,DD,Emblem3,,241,314,,,2,244,316
427,Choukai,sr1,Kai Ni,HEAVY CRUISER,CA,Emblem3,,530,122,,,3,460,158
428,Maya,sr1,Kai Ni,HEAVY CRUISER,CA,Emblem3,,438,214,,,2,389,153
429,Amagi,sr2,Kai,FLEET CARRIER,CV,Emblem4,,321,200,,,2,440,116
430,Katsuragi,sr2,Kai,FLEET CARRIER,CV,Emblem4,,402,217,,,3,444,131
431,U-511,r2,,SUBMARINE,SS,Emblem2,,360,215,,,2,603,154
432,Graf Zeppelin,sr2,,FLEET CARRIER,CV,Emblem4,,496,127,Graf,Zeppelin,3,297,220
433,Saratoga,sr1,,FLEET CARRIER,CV,Emblem3,,434,261,,,3,474,114
434,Mutsuki,sr1,Kai Ni,DESTROYER,DD,Emblem3,,233,172,,,3,168,227
435,Kisaragi,sr1,Kai Ni,DESTROYER,DD,Emblem3,,363,158,,,3,355,126
436,Ro-500,sr2,exp,SUBMARINE,SS,Emblem4,,326,111,,,2,312,108
437,Akatsuki,sr1,Kai Ni,DESTROYER,DD,Emblem3,,291,149,,,3,228,174
438,Saratoga,sr2,Kai,FLEET CARRIER,CV,Emblem4,,429,272,,,3,467,110
439,Warspite,sr2,,BATTLESHIP,BB,Emblem4,,529,169,,,3,338,195
440,Iowa,sr2,,FAST BATTLESHIP,FBB,Emblem4,,510,236,,,1,445,132
441,Littorio,sr1,,FAST BATTLESHIP,FBB,Emblem3,,412,138,,,2,472,126
442,Roma,sr1,,FAST BATTLESHIP,FBB,Emblem3,,516,115,,,2,473,166
443,Libeccio,sr1,,DESTROYER,DD,Emblem3,,213,193,,,3,542,215
444,Aquila,sr2,,FLEET CARRIER,CV,Emblem4,,284,148,,,2,245,159
445,Akitsushima,sr2,,SEAPLANE TENDER,AV,Emblem4,,275,243,,,4,268,257
446,Italia,sr2,Kai,FAST BATTLESHIP,FBB,Emblem4,,439,137,,,2,519,124
447,Roma,sr2,exp,FAST BATTLESHIP,FBB,Emblem4,,553,122,,,2,503,164
448,Zara,sr1,,HEAVY CRUISER,CA,Emblem3,,382,134,,,1,427,153
449,Pola,sr1,,HEAVY CRUISER,CA,Emblem3,,226,139,,,1,265,228
450,Akitsushima,sr3,Kai,SEAPLANE TENDER,AV,Emblem4,,276,246,,,4,269,249
451,Mizuho,r2,,SEAPLANE TENDER,AV,Emblem2,,463,209,,,2,463,198
452,Okinami,r1,,DESTROYER,DD,Emblem2,,172,163,,,3,377,169
453,Kazagumo,r1,,DESTROYER,DD,Emblem2,,414,164,,,4,360,128
454,Arashi,r2,,DESTROYER,DD,Emblem2,,354,137,,,2,271,161
455,Hagikaze,r2,,DESTROYER,DD,Emblem2,,230,158,,,3,251,108
456,Oyashio,r2,,DESTROYER,DD,Emblem2,,211,113,,,3,246,116
457,Yamakaze,r1,,DESTROYER,DD,Emblem2,,326,196,,,4,348,145
458,Umikaze,r1,,DESTROYER,DD,Emblem2,,264,144,,,3,247,220
459,Kawakaze,r1,,DESTROYER,DD,Emblem2,,429,137,,,3,311,286
460,Hayasui,sr1,,FLEET OILER,AO,Emblem3,,311,118,,,3,305,131
461,Shoukaku,sr3,Kai Ni,FLEET CARRIER,CV,Emblem4,,428,118,,,3,592,130
462,Zuikaku,sr3,Kai Ni,FLEET CARRIER,CV,Emblem4,,325,121,,,3,402,196
463,Asashio,sr1,Kai Ni,DESTROYER,DD,Emblem3,,285,116,,,3,322,109
464,Kasumi,sr1,Kai Ni,DESTROYER,DD,Emblem3,,391,129,,,3,276,120
465,Kashima,c3,,TRAINING CRUISER,CT,Emblem1,,366,158,,,3,359,165
466,Shoukaku,sr3,Kai Ni A,ARMOURED CARRIER,CVB,Emblem4,,434,117,,,3,592,130
467,Zuikaku,sr3,Kai Ni A,ARMOURED CARRIER,CVB,Emblem4,,329,125,,,3,405,193
468,Asashio,sr2,Kai Ni D,DESTROYER,DD,Emblem4,,266,115,,,3,331,109
469,Kawakaze,sr1,Kai Ni,DESTROYER,DD,Emblem3,,407,269,,,3,471,233
470,Kasumi,sr2,Kai Ni B,DESTROYER,DD,Emblem4,,390,131,,,3,280,118
471,Kamikaze,r1,,DESTROYER,DD,Emblem2,,392,207,,,3,439,229
472,Asakaze,r1,,DESTROYER,DD,Emblem2,,290,149,,,3,422,127
473,Harukaze,r1,,DESTROYER,DD,Emblem2,,366,129,,,3,127,179
474,Matsukaze,r1,,DESTROYER,DD,Emblem2,,340,148,,,4,156,153
475,Hatakaze,r1,,DESTROYER,DD,Emblem2,,159,178,,,3,470,184
476,Kamikaze,sr1,Kai,DESTROYER,DD,Emblem3,,397,208,,,3,439,219
477,Tenryuu,sr2,Kai Ni,LIGHT CRUISER,CL,Emblem4,,335,186,,,3,610,216
478,Tatsuta,sr2,Kai Ni,LIGHT CRUISER,CL,Emblem4,,446,155,,,2,444,158
479,Amagiri,r1,,DESTROYER,DD,Emblem2,,280,271,,,3,294,268
480,Sagiri,r1,,DESTROYER,DD,Emblem2,,287,252,,,2,369,223
481,Minazuki,r1,,DESTROYER,DD,Emblem2,,208,157,,,3,279,133
483,I-26,r1,,SUBMARINE,SS,Emblem2,,340,159,,,1,209,134
484,Hamanami,r1,,DESTROYER,DD,Emblem2,,211,137,,,4,275,121
485,Fujinami,r1,,DESTROYER,DD,Emblem2,,212,174,,,3,229,168
486,Uranami,r1,,DESTROYER,DD,Emblem2,,331,183,,,3,262,172
487,Kinu,sr2,Kai Ni,LIGHT CRUISER,CL,Emblem4,,169,117,,,2,273,104
488,Yura,sr2,Kai Ni,LIGHT CRUISER,CL,Emblem4,,345,114,,,1,181,106
489,Michishio,sr2,Kai Ni,DESTROYER,DD,Emblem4,,238,118,,,3,264,115
490,Arashio,sr2,Kai Ni,DESTROYER,DD,Emblem2,,340,118,,,3,335,127
491,Commandant Teste,sr1,,SEAPLANE TENDER,AV,Emblem3,,389,119,Commandant,Teste,5,280,165
492,Richelieu,sr2,,FAST BATTLESHIP,FBB,Emblem4,,634,116,,,3,365,131
493,I-400,sr1,,AVIATION SUBMARINE,SSV,Emblem3,,275,124,,,2,380,106
494,I-13,r2,,AVIATION SUBMARINE,SSV,Emblem2,,190,136,,,1,225,135
495,I-14,sr1,,AVIATION SUBMARINE,SSV,Emblem3,,152,143,,,1,83,131
496,Zara,sr3,Due,HEAVY CRUISER,CA,Emblem4,,498,133,,,1,486,144
497,Shiratsuyu,sr2,Kai Ni,DESTROYER,DD,Emblem4,,322,150,,,4,341,206
498,Murasame,sr2,Kai Ni,DESTROYER,DD,Emblem4,,346,157,,,4,244,159
499,Kamoi,r2,Kai,SEAPLANE TENDER,AV,Emblem2,,342,118,,,2,164,168
500,Kamoi,sr1,Kai Bo,FLEET OILER,AO,Emblem3,,200,87,,,2,161,121
503,Suzuya,sr2,Kai Ni,AVIATION CRUISER,CAV,Emblem4,,383,95,,,2,212,110
504,Kumano,sr2,Kai Ni,AVIATION CRUISER,CAV,Emblem4,,259,125,,,3,189,28
508,Suzuya,sr3,Kou Kai Ni,LIGHT CARRIER,CVL,Emblem4,,302,98,,,2,194,106
509,Kumano,sr3,Kou Kai Ni,LIGHT CARRIER,CVL,Emblem4,,239,123,,,3,188,79
511,Gangut,r2,,FAST BATTLESHIP,FBB,Emblem2,,543,229,,,2,709,234
512,Oktyabrskaya Revolyutsiya,sr1,exp,FAST BATTLESHIP,FBB,Emblem3,,564,228,Oktyabrskaya,Revolyutsiya,5,712,240
513,Gangut,sr2,Dva,FAST BATTLESHIP,FBB,Emblem4,,460,149,,,2,498,166
514,Sheffield,sr1,,LIGHT CRUISER,CL,Emblem3,,353,141,,,3,290,138
515,Ark Royal,sr2,,FLEET CARRIER,CV,Emblem4,,238,131,,,2,339,111
516,Tashkent,sr1,,DESTROYER,DD,Emblem3,,382,131,,,3,331,129
517,Shimushu,r1,,KAIBOUKAN,DE,Emblem2,,228,115,,,4,233,117
518,Kunashiri,r1,,KAIBOUKAN,DE,Emblem2,,263,113,,,3,201,126
519,Jervis,sr1,,DESTROYER,DD,Emblem3,,236,123,,,2,225,78
520,Janus,sr1,,DESTROYER,DD,Emblem3,,314,122,,,2,287,103
521,Kasuga Maru,r1,,LIGHT CARRIER,CVL,Emblem2,,177,105,Kasuga,Maru,2,290,92
524,Etorofu,r1,,KAIBOUKAN,DE,Emblem2,,183,297,,,3,130,314
525,Matsuwa,r1,,KAIBOUKAN,DE,Emblem2,,180,297,,,3,403,298
526,Taiyou,r2,,LIGHT CARRIER,CVL,Emblem2,,192,103,,,2,289,92
527,Kishinami,r1,,DESTROYER,DD,Emblem2,,330,142,,,4,437,120
528,Hayanami,r1,,DESTROYER,DD,Emblem2,,336,145,,,4,244,148
529,Taiyou,sr2,Kai Ni,LIGHT CARRIER,CVL,Emblem4,,189,115,,,2,298,99
530,I-504,sr2,exp,SUBMARINE,SS,Emblem4,,213,143,,,2,492,160
531,Sado,r1,,KAIBOUKAN,DE,Emblem2,,301,291,,,1,383,308
532,Suzutsuki,sr1,,DESTROYER,DD,Emblem3,,302,108,,,3,256,111
534,Shinyou,r1,,LIGHT CARRIER,CVL,Emblem2,,215,114,,,3,134,110
535,Luigi Torelli,r1,,SUBMARINE,SS,Emblem2,,213,146,Luigi,Torelli,2,493,161
536,Shinyou,sr2,Kai Ni,LIGHT CARRIER,CVL,Emblem4,,285,106,,,3,290,109
537,Suzutsuki,sr2,Kai,DESTROYER,DD,Emblem4,,353,108,,,3,262,106
539,UIT-25,sr1,exp,SUBMARINE,SS,Emblem3,,250,140,,,2,489,158
540,Tsushima,r1,,KAIBOUKAN,DE,Emblem2,,123,279,,,3,156,246
541,Nagato,sr3,Kai Ni,BATTLESHIP,BB,Emblem4,,497,116,,,2,382,162
542,Yuugumo,sr2,Kai Ni,DESTROYER,DD,Emblem4,,195,179,,,3,322,109
543,Naganami,sr2,Kai Ni,DESTROYER,DD,Emblem4,,349,199,,,3,176,116
544,Gambier Bay,r2,,LIGHT CARRIER,CVL,Emblem2,,379,122,Gambier,Bay,3,276,123
545,Saratoga,sr3,Mk. II,FLEET CARRIER,CV,Emblem4,,387,177,,,3,265,126
546,Musashi,sr3,Kai Ni,BATTLESHIP,BB,Emblem4,,635,272,,,3,573,100
547,Tama,sr2,Kai Ni,LIGHT CRUISER,CL,Emblem4,,340,211,,,2,344,186
548,Fumizuki,sr1,Kai,DESTROYER,DD,Emblem3,,344,139,,,3,243,139
549,Intrepid,sr2,,FLEET CARRIER,CV,Emblem4,,401,274,,,3,343,146
550,Saratoga,sr3,Mk. II Mod 2,ARMOURED CARRIER,CVB,Emblem4,,388,176,,,3,268,123
551,Hiburi,r1,,KAIBOUKAN,DE,Emblem2,,182,265,,,2,182,267
552,Daitou,r1,,KAIBOUKAN,DE,Emblem2,,266,255,,,2,264,261
553,Ise,sr3,Kai Ni,AVIATION BATTLESHIP,BBV,Emblem4,,610,130,,,1,449,162
554,Hyuuga,sr3,Kai Ni,AVIATION BATTLESHIP,BBV,Emblem4,,520,361,,,3,317,110
555,Zuihou,sr2,Kai Ni,LIGHT CARRIER,CVL,Emblem4,,349,168,,,2,345,134
556,Urakaze,sr1,D Kai,DESTROYER,DD,Emblem3,,371,186,,,3,297,149
557,Isokaze,sr2,B Kai,DESTROYER,DD,Emblem4,,508,188,,,2,600,177
558,Hamakaze,sr1,B Kai,DESTROYER,DD,Emblem3,,360,198,,,4,347,226
559,Tanikaze,sr1,D Kai,DESTROYER,DD,Emblem3,,276,244,,,3,315,232
560,Zuihou,sr2,Kai Ni B,LIGHT CARRIER,CVL,Emblem4,,350,161,,,2,338,134
561,Samuel B. Roberts,r2,,DESTROYER,DD,Emblem2,,344,154,Samuel B.,Roberts,3,279,153
562,Johnston,r2,,DESTROYER,DD,Emblem2,,446,164,,,3,243,127
563,Makigumo,sr2,Kai Ni,DESTROYER,DD,Emblem4,,342,175,,,4,255,196
564,Kazagumo,sr2,Kai Ni,DESTROYER,DD,Emblem4,,472,185,,,4,416,164
565,Fukae,r1,,KAIBOUKAN,DE,Emblem2,,415,293,,,2,248,377
566,Kagerou,sr2,Kai Ni,DESTROYER,DD,Emblem4,,257,150,,,3,353,155
567,Shiranui,sr2,Kai Ni,DESTROYER,DD,Emblem4,,351,112,,,3,205,132
568,Kuroshio,sr2,Kai Ni,DESTROYER,DD,Emblem4,,315,111,,,3,534,142
569,Okinami,sr2,Kai Ni,DESTROYER,DD,Emblem4,,381,164,,,3,331,145
570,Hirato,r1,,KAIBOUKAN,DE,Emblem2,,320,262,,,2,236,127
571,Nelson,sr2,,BATTLESHIP,BB,Emblem4,,471,265,,,2,571,129
573,Mutsu,sr3,Kai Ni,BATTLESHIP,BB,Emblem4,,575,147,,,2,490,180
574,Gotland,sr1,,LIGHT CRUISER,CL,Emblem3,,451,105,,,3,565,153
575,Maestrale,sr1,,DESTROYER,DD,Emblem3,,355,180,,,3,248,152
576,Nelson,sr3,Kai,BATTLESHIP,BB,Emblem4,,473,260,,,2,566,124
578,Asashimo,sr2,Kai Ni,DESTROYER,DD,Emblem4,,346,203,,,3,292,157
579,Gotland,sr2,Kai,LIGHT CRUISER,CL,Emblem4,,475,160,,,3,561,150
580,Maestrale,sr2,Kai,DESTROYER,DD,Emblem4,,358,179,,,3,262,150
581,Nisshin,sr1,,SEAPLANE TENDER,AV,Emblem3,,436,187,,,2,248,288
583,Minegumo,r1,,DESTROYER,DD,Emblem2,,353,165,,,4,294,145
584,Hachijou,r1,,KAIBOUKAN,DE,Emblem2,,214,110,,,3,365,129
585,Ishigaki,r1,,KAIBOUKAN,DE,Emblem2,,201,112,,,3,168,125
586,Nisshin,sr3,A,SEAPLANE TENDER,AV,Emblem4,,621,222,,,2,426,286
587,Umikaze,sr2,Kai Ni,DESTROYER,DD,Emblem4,,347,109,,,3,399,130
589,Abruzzi,sr1,,LIGHT CRUISER,CL,Emblem3,,399,95,,,3,486,103
590,Garibaldi,sr1,,LIGHT CRUISER,CL,Emblem3,,446,142,,,3,367,150
591,Kongou,sr3,Kai Ni C,FAST BATTLESHIP,FBB,Emblem4,,534,155,,,3,561,153
592,Hiei,sr3,Kai Ni C,FAST BATTLESHIP,FBB,Emblem4,,591,110,,,1,325,116
594,Akagi,sr3,Kai Ni,FLEET CARRIER,CV,Emblem4,Sakura,399,85,,,2,463,329
595,Houston,sr1,,HEAVY CRUISER,CA,Emblem3,,298,123,,,3,343,127
596,Fletcher,sr1,,DESTROYER,DD,Emblem3,,367,119,,,3,369,115
597,Atlanta,sr1,,LIGHT CRUISER,CL,Emblem3,,495,189,,,2,237,111
599,Akagi,sr3,Kai Ni E,FLEET CARRIER,CV,Emblem4,Sakura,395,86,,,2,464,330
600,Houston,sr2,Kai,HEAVY CRUISER,CA,Emblem4,,299,124,,,3,343,133
601,Colorado,sr2,,BATTLESHIP,BB,Emblem4,,532,266,,,3,401,308
602,South Dakota,sr2,,FAST BATTLESHIP,FBB,Emblem4,,564,324,South,Dakota,2,462,164
603,Hornet,sr2,,FLEET CARRIER,CV,Emblem4,,501,142,,,2,481,94
604,De Ruyter,r1,,LIGHT CRUISER,CL,Emblem2,,355,138,,,3,278,123
605,Luigi Torelli,r2,Kai,SUBMARINE,SS,Emblem2,,214,145,Luigi,Torelli,2,489,158
606,I-400,sr2,Kai,AVIATION SUBMARINE,SSV,Emblem4,,280,125,,,2,378,108
607,I-47,sr1,Kai,SUBMARINE,SS,Emblem3,,320,141,,,1,476,145
609,De Ruyter,r2,Kai,LIGHT CRUISER,CL,Emblem2,,352,135,,,3,280,122
610,Kaga,sr3,Kai Ni E,FLEET CARRIER,CV,Emblem4,Sakura,549,336,,,1,338,502
611,Mikura,r1,,KAIBOUKAN,DE,Emblem2,,326,177,,,2,293,144
612,Yashiro,r1,,KAIBOUKAN,DE,Emblem2,,277,183,,,3,255,161
613,Perth,r1,,LIGHT CRUISER,CL,Emblem2,,242,115,,,2,217,165
614,Grecale,sr1,,DESTROYER,DD,Emblem3,,532,204,,,2,322,136
615,Helena,r2,,LIGHT CRUISER,CL,Emblem2,,318,235,,,2,320,245
616,Mikura,r2,Kai,KAIBOUKAN,DE,Emblem2,,328,175,,,2,285,143
617,Yashiro,r2,Kai,KAIBOUKAN,DE,Emblem2,,276,183,,,3,254,158
618,Perth,r2,Kai,LIGHT CRUISER,CL,Emblem2,,247,115,,,2,218,166
619,Grecale,sr2,Kai,DESTROYER,DD,Emblem4,,528,205,,,2,325,133
620,Helena,sr1,Kai,LIGHT CRUISER,CL,Emblem3,,318,236,,,2,506,332
621,Shinshuu Maru,sr1,,AMPHIBIOUS ASSAULT,LHA,Emblem3,,341,177,Shinshuu,Maru,3,216,184
622,Yuubari,sr2,Kai Ni,LIGHT CRUISER,CL,Emblem4,,404,148,,,3,328,143
623,Yuubari,sr2,Kai Ni Toku,LIGHT CRUISER,CL,Emblem4,,405,146,,,3,328,143
624,Yuubari,sr2,Kai Ni D,LIGHT CRUISER,CL,Emblem4,,410,146,,,3,328,143
625,Akishimo,r1,,DESTROYER,DD,Emblem2,,254,146,,,3,220,110
626,Shinshuu Maru,sr2,Kai,AMPHIBIOUS ASSAULT,LHA,Emblem4,,342,180,Shinshuu,Maru,3,213,188
627,Shikinami,sr1,Kai Ni,DESTROYER,DD,Emblem3,,175,299,,,4,376,240
628,Fletcher,sr3,Kai Mod. 2,DESTROYER,DD,Emblem4,,302,120,,,3,359,116
629,Fletcher,sr3,Mk. II,DESTROYER,DD,Emblem4,,323,132,,,3,236,128
630,Gotland,sr3,Andra,LIGHT CRUISER,CL,Emblem4,,470,156,,,3,450,119
631,Usugumo,r1,,DESTROYER,DD,Emblem2,,252,199,,,3,300,253
632,Ariake,r1,,DESTROYER,DD,Emblem2,,312,177,,,2,261,186
634,Jingei,r1,,SUBMARINE TENDER,AS,Emblem2,,274,119,,,2,329,183
636,I-47,r2,,SUBMARINE,SS,Emblem2,,321,142,,,1,480,141
637,KBKN #4,r1,,KAIBOUKAN,DE,Emblem2,,184,129,,,3,225,120
639,Jingei,r2,Kai,SUBMARINE TENDER,AS,Emblem2,,279,115,,,2,328,181
641,Matsu,r2,,DESTROYER,DD,Emblem2,,191,292,,,2,301,158
642,Take,sr1,,DESTROYER,DD,Emblem3,,219,317,,,1,272,265
646,Kaga,sr3,Kai Ni Go,FLEET CARRIER,CV,Emblem4,Sakura,551,340,,,1,342,499
648,Akigumo,sr2,Kai Ni,DESTROYER,DD,Emblem4,,303,173,,,3,238,221
651,Tan Yang,sr2,exp,DESTROYER,DD,Emblem4,,361,123,,,3,276,108
652,Kuma,sr2,Kai Ni,LIGHT CRUISER,CL,Emblem4,,266,162,,,2,253,171
653,Scirocco,sr1,,DESTROYER,DD,Emblem3,,315,192,,,3,330,132
654,Washington,sr2,,FAST BATTLESHIP,FBB,Emblem4,,625,146,,,4,177,196
656,Yukikaze,sr3,Kai Ni,DESTROYER,DD,Emblem4,,255,122,,,3,324,138
657,Kuma,sr2,Kai Ni D,LIGHT CRUISER,CL,Emblem4,,265,163,,,2,252,171
658,Scirocco,sr2,Kai,DESTROYER,DD,Emblem4,,319,184,,,3,332,131
659,Washington,sr3,Kai,FAST BATTLESHIP,FBB,Emblem4,,627,143,,,4,179,193
662,Noshiro,sr2,Kai Ni,LIGHT CRUISER,CL,Emblem4,,467,164,,,3,299,106
665,Akebono,sr1,Kai Ni,DESTROYER,DD,Emblem3,,221,287,,,3,506,263
678,Hiburi,r2,Kai,KAIBOUKAN,DE,Emblem2,,184,261,,,2,182,269
679,Daitou,r2,Kai,KAIBOUKAN,DE,Emblem2,,266,258,,,2,262,259
680,Hamanami,r2,Kai,DESTROYER,DD,Emblem2,,210,139,,,4,275,117
681,Samuel B. Roberts,sr1,Kai,DESTROYER,DD,Emblem3,,340,154,Samuel B.,Roberts,3,319,147
684,Hirato,r2,Kai,KAIBOUKAN,DE,Emblem2,,316,250,,,2,253,235
685,Fukae,r2,Kai,KAIBOUKAN,DE,Emblem2,,412,290,,,2,245,376
686,Kishinami,r2,Kai,DESTROYER,DD,Emblem2,,329,144,,,4,436,119
687,Minegumo,r2,Kai,DESTROYER,DD,Emblem2,,358,167,,,4,295,147
688,Hayanami,r2,Kai,DESTROYER,DD,Emblem2,,337,153,,,4,245,148
689,Johnston,sr1,Kai,DESTROYER,DD,Emblem3,,442,165,,,3,246,125
690,Nisshin,sr2,Kai,SEAPLANE TENDER,AV,Emblem4,,440,185,,,2,246,290
691,Garibaldi,sr2,Kai,LIGHT CRUISER,CL,Emblem4,,448,149,,,3,364,144
692,Fletcher,sr2,Kai,DESTROYER,DD,Emblem4,,369,122,,,3,361,114
693,Abruzzi,sr2,Kai,LIGHT CRUISER,CL,Emblem4,,399,96,,,3,480,101
695,Akishimo,r2,Kai,DESTROYER,DD,Emblem2,,253,144,,,3,219,112
696,Atlanta,sr2,Kai,LIGHT CRUISER,CL,Emblem4,,498,190,,,2,240,113
697,South Dakota,sr3,Kai,FAST BATTLESHIP,FBB,Emblem4,,556,323,South,Dakota,2,458,138
698,Kaga,sr3,Kai Ni,FLEET CARRIER,CV,Emblem4,Sakura,548,336,,,1,337,500
700,Usugumo,r2,Kai,DESTROYER,DD,Emblem2,,253,196,,,3,301,252
701,KBKN #4,r2,Kai,KAIBOUKAN,DE,Emblem2,,179,134,,,3,233,113
702,Matsu,sr1,Kai,DESTROYER,DD,Emblem3,,192,294,,,2,298,160
703,Ariake,r2,Kai,DESTROYER,DD,Emblem2,,306,173,,,2,254,189
704,Hornet,sr3,Kai,FLEET CARRIER,CV,Emblem4,,503,141,,,2,486,102
705,Sheffield,sr2,Kai,LIGHT CRUISER,CL,Emblem4,,349,140,,,3,292,136
706,Take,sr2,Kai,DESTROYER,DD,Emblem4,,217,315,,,1,275,264
893,Janus,sr2,Kai,DESTROYER,DD,Emblem4,,307,119,,,2,288,99
1496,Colorado,sr2,Kai,BATTLESHIP,BB,Emblem4,Stars,533,264,,,3,399,301
